{
    "train_loss": [
        2.7231654346747827e-06,
        2.7058889760728957e-06,
        2.706023387279698e-06,
        2.707350954205654e-06,
        2.7055072403863565e-06,
        2.7078075996324396e-06,
        2.707033711084992e-06,
        2.7050361703241714e-06,
        2.705996905660868e-06,
        2.704320732875757e-06,
        2.7041179810507656e-06,
        2.7035071911007473e-06,
        2.7058325293222403e-06,
        2.703210841643696e-06,
        2.7045387187370027e-06,
        2.7028584235682977e-06,
        2.7026732314168287e-06,
        2.7032112481977135e-06,
        2.703162068754587e-06
    ],
    "val_loss": [
        8.287863280997954e-06,
        8.264235468402603e-06,
        8.284937202063247e-06,
        8.309619929036671e-06,
        8.299756274254833e-06,
        8.305230167593436e-06,
        8.267628281544148e-06,
        8.274133861618793e-06,
        8.26258813901859e-06,
        8.297552959390941e-06,
        8.269675205951899e-06,
        8.296922246131544e-06,
        8.284487826415443e-06,
        8.275004127256125e-06,
        8.300370673453017e-06,
        8.259886506323255e-06,
        8.320228268132723e-06,
        8.264056212681226e-06,
        8.261862198821746e-06
    ],
    "mae": [
        906.9527750015259,
        888.1437072753906,
        905.1020832061768,
        927.8309164047241,
        918.0195732116699,
        923.9481563568115,
        892.1738758087158,
        897.7124538421631,
        888.6162786483765,
        917.5198593139648,
        895.110294342041,
        917.7626628875732,
        907.4209575653076,
        900.2842435836792,
        922.5600395202637,
        888.8745231628418,
        943.318187713623,
        893.1051607131958,
        891.8013505935669
    ],
    "epoch_time": [
        114.41543507575989,
        120.20727682113647,
        115.10143160820007,
        112.45605683326721,
        111.34722304344177,
        118.50353407859802,
        113.09134578704834,
        111.10520005226135,
        116.11108708381653,
        113.00005078315735,
        112.94775295257568,
        111.2964038848877,
        112.6428530216217,
        117.26600289344788,
        112.42144012451172,
        112.65985298156738,
        117.57045388221741,
        118.45146489143372,
        116.67331624031067
    ],
    "memory_usage": [
        187.0625,
        211.640625,
        156.5625,
        324.703125,
        327.09375,
        166.015625,
        332.0625,
        332.5,
        201.46875,
        319.59375,
        320.59375,
        330.390625,
        329.625,
        146.453125,
        143.875,
        146.953125,
        316.578125,
        318.65625,
        320.96875
    ],
    "gpu_memory": [
        317.162109375,
        349.162109375,
        355.162109375,
        355.162109375,
        355.162109375,
        355.162109375,
        355.162109375,
        355.162109375,
        355.162109375,
        355.162109375,
        355.162109375,
        355.162109375,
        355.162109375,
        355.162109375,
        355.162109375,
        355.162109375,
        355.162109375,
        355.162109375,
        355.162109375
    ],
    "batch_times": [
        2.42346205400384,
        2.60878412619881,
        2.4980150927668032,
        2.440639993418818,
        2.4166523269985034,
        2.5721930887388145,
        2.454500752946605,
        2.4115582860034444,
        2.520080752994703,
        2.4525275748708975,
        2.4511862785919853,
        2.415254235267639,
        2.444696789202483,
        2.544011986773947,
        2.4393583639808325,
        2.445310468259065,
        2.551675723946613,
        2.571054966553398,
        2.532370888668558
    ]
}