{
    "train_loss": [
        2.7231654346747827e-06
    ],
    "val_loss": [
        8.287863280997954e-06
    ],
    "mae": [
        906.9527750015259
    ],
    "epoch_time": [
        114.41543507575989
    ],
    "memory_usage": [
        187.0625
    ],
    "gpu_memory": [
        317.162109375
    ],
    "batch_times": [
        2.42346205400384
    ]
}