{
    "train_loss": [
        2.7231654346747827e-06,
        2.7058889760728957e-06,
        2.706023387279698e-06
    ],
    "val_loss": [
        8.287863280997954e-06,
        8.264235468402603e-06,
        8.284937202063247e-06
    ],
    "mae": [
        906.9527750015259,
        888.1437072753906,
        905.1020832061768
    ],
    "epoch_time": [
        114.41543507575989,
        120.20727682113647,
        115.10143160820007
    ],
    "memory_usage": [
        187.0625,
        211.640625,
        156.5625
    ],
    "gpu_memory": [
        317.162109375,
        349.162109375,
        355.162109375
    ],
    "batch_times": [
        2.42346205400384,
        2.60878412619881,
        2.4980150927668032
    ]
}