{
    "train_loss": [
        2.7231654346747827e-06,
        2.7058889760728957e-06,
        2.706023387279698e-06,
        2.707350954205654e-06,
        2.7055072403863565e-06,
        2.7078075996324396e-06,
        2.707033711084992e-06,
        2.7050361703241714e-06
    ],
    "val_loss": [
        8.287863280997954e-06,
        8.264235468402603e-06,
        8.284937202063247e-06,
        8.309619929036671e-06,
        8.299756274254833e-06,
        8.305230167593436e-06,
        8.267628281544148e-06,
        8.274133861618793e-06
    ],
    "mae": [
        906.9527750015259,
        888.1437072753906,
        905.1020832061768,
        927.8309164047241,
        918.0195732116699,
        923.9481563568115,
        892.1738758087158,
        897.7124538421631
    ],
    "epoch_time": [
        114.41543507575989,
        120.20727682113647,
        115.10143160820007,
        112.45605683326721,
        111.34722304344177,
        118.50353407859802,
        113.09134578704834,
        111.10520005226135
    ],
    "memory_usage": [
        187.0625,
        211.640625,
        156.5625,
        324.703125,
        327.09375,
        166.015625,
        332.0625,
        332.5
    ],
    "gpu_memory": [
        317.162109375,
        349.162109375,
        355.162109375,
        355.162109375,
        355.162109375,
        355.162109375,
        355.162109375,
        355.162109375
    ],
    "batch_times": [
        2.42346205400384,
        2.60878412619881,
        2.4980150927668032,
        2.440639993418818,
        2.4166523269985034,
        2.5721930887388145,
        2.454500752946605,
        2.4115582860034444
    ]
}