{
    "epoch": 40,
    "mae": 66.08226817051569,
    "rmse": 99.37649480806475,
    "train_loss": 0.0011712364120674984,
    "val_loss": 0.0006401863720384426,
    "lr": 1e-05
}